class,precision,recall,f1,support
iron,0.8333333333333334,0.759493670886076,0.7947019867549668,79
wood,0.9444444444444444,0.9641791044776119,0.9542097488921714,335
